serial_name,item_name,brand,item_description
ITM000,old,"Goodwin, Brown and Valencia",Approach according interview.
ITM001,region,"Horne, Salazar and Khan",Brother speech attorney mother south.
ITM002,receive,Moreno Group,Form remain once read participant practice.
ITM003,firm,Richards Group,Price none public visit them.
ITM004,best,Cruz PLC,The heart voice.
ITM005,rise,Jarvis-Gill,Focus they turn evidence sense skill.
ITM006,southern,Simmons-Wheeler,Fall marriage any assume strategy.
ITM007,wall,Smith-Peterson,Method hope recognize.
ITM008,firm,Bennett and Sons,Beat executive majority go health.
ITM009,decide,Jones-Crawford,Trade back play trial maybe.
ITM010,within,Rollins-Smith,Establish level forward himself.
ITM011,feel,"Richard, Williams and Patterson",Condition drug nor mission amount.
ITM012,red,"Gregory, Dorsey and Robinson",Government offer least floor increase.
ITM013,safe,Stewart-James,Leader street college benefit avoid present.
ITM014,yeah,"Martinez, Ward and Harris",Game support build body language than.
ITM015,run,Smith Group,Deal hot vote admit positive increase.
ITM016,girl,Byrd Inc,Season rock anything up bill market.
ITM017,fill,Gomez Inc,Many quickly individual after certain.
ITM018,represent,Rodriguez-Baker,Catch admit memory wife happen service.
ITM019,friend,"Perez, Jones and Hess",According foot surface single or degree.
ITM020,alone,"Hayes, Salazar and Jordan",Finally mention agency his network.
ITM021,appear,Brown Group,Party society race well eye.
ITM022,it,"Harris, Johnston and Gardner",Always role someone floor.
ITM023,resource,Robinson PLC,Main serious trouble future.
ITM024,many,Rodriguez-Perry,North stock bank check raise brother.
ITM025,push,"Blake, Williams and Kemp",Present rather her store reason television.
ITM026,us,"Boone, Pruitt and Chang",Read act today operation evidence station no.
ITM027,trouble,"Martin, Bryant and Henderson",Listen quality small yeah ago specific.
ITM028,all,Ellis-Bowman,Show build store.
ITM029,star,Conway LLC,Understand daughter alone amount.
