email,first_name,last_name,phone_number,created_date,password_hash,gender,region
user0@example.com,Nicholas,Pena,055-245-2863,2025-04-19,805cb9595fc7b305c83b22356cdd7c9973ce7e919200c4dcb25e8822dcf15a0e,Male,New York
user1@example.com,Ryan,Burnett,705-850-2057x25158,2023-08-07,e606f7d3a5789edc4b1f92f208adc51451e07b571255d2990566f95a1b29e60d,Female,Missouri
user2@example.com,Michael,Braun,001-717-504-6842x5970,2024-07-29,59cd2249e4f5fc4c27846119d697ac5890ca32a5b8e3b8c177f642bdf42eec8a,Male,Hawaii
user3@example.com,Ryan,Gonzalez,(732)581-2020,2024-12-21,2ba6b0baac8d65fb5ad8ae1757f9e2863fcdf262e96049f61cf4218332d466f7,Female,Illinois
user4@example.com,Thomas,Brown,(743)864-7979,2024-10-29,9e43b1f25d9726ed8c2a63a1122ab7b7f1cd71b48693e2097e83b0d76688be37,Male,Nevada
user5@example.com,Courtney,Hansen,(341)378-6574x556,2025-05-21,d065a183889d5bcf6b8272433c06c739d9a77803b583f06c242d54f7a0edc957,Male,Utah
user6@example.com,Victor,Allen,425.025.6037,2023-07-30,29f85cb45dae3e8f688a6e91d25dc739f15e886533ba1b7a198844844bf90296,Male,Hawaii
user7@example.com,Jason,Wilson,321.163.0271x3315,2025-05-23,260ab0b9b907a8d4ea45f472411128996fc97fb40ee175f180d2edd2408a6e99,Female,New Jersey
user8@example.com,Michael,Gonzalez,464-951-8287x5463,2024-04-11,b0b885aca19f969d3a1351af50efccd388538112cd4459cc61a6cd8354b82c64,Male,Maine
user9@example.com,Tammy,Thomas,001-293-562-8333x654,2023-12-04,f84a74dda3bf4c61e1dcd90b454646222b0c4561258647c757c60b5d9bf8c415,Male,Wisconsin
user10@example.com,Victor,Evans,(276)028-0729x01870,2024-11-02,c3ac39a47dbe48a091c6f671a7110ef83d59eb39379eb73c689641049054adbf,Male,Maryland
user11@example.com,Candice,Jenkins,985-510-9483,2024-01-14,cbbc9c3c52eabc72fad7708bfb6303fb7e208a762c68239e5f1a96f7ce25b5b0,Female,Utah
user12@example.com,Denise,Avila,001-297-150-4888x05694,2025-01-01,8d42b980090a98dc40129679f5667551bf0e17b5f56c5df79d091306d9fb699e,Female,New York
user13@example.com,Dominique,Sanchez,548-306-6810x9361,2025-02-12,3aef977ac51cec27e0d2e9f4c891ee75064785f021134dfceab4a09c4bf43758,Female,Missouri
user14@example.com,Bobby,Moore,001-413-116-2758x761,2023-11-21,150ca8df2b5e7e6adc53c283531f9ba91d46071dbe7d0a3cb12477092489515a,Male,South Carolina
user15@example.com,Ashley,Thompson,+1-633-153-8621x30189,2024-05-04,81e07c06135b5dc97b329490e588d8fb486357230dd50c54c8ecb85f1f12dc2d,Male,Massachusetts
user16@example.com,Raymond,Campbell,+1-560-145-0666x5173,2024-02-04,244e6802f841ca1e3ee3f8756793cba76834967ccaccd32f2d501a6c50879dc2,Female,Washington
user17@example.com,Jason,Flowers,0360367363,2024-06-17,e0720b92bc4896ac2dc64d9803790fa1185186df4c6dce2dd64992b4956dfdd3,Female,Idaho
user18@example.com,Matthew,Johnson,001-711-411-1879,2024-06-05,0417da85048e47c21156d059dadc7f21cb1829a1be35e0fc177a1d83ec6c3f3c,Male,Wisconsin
user19@example.com,Kent,Saunders,(654)687-9637,2023-06-13,2411a10e4331b16f0e03a49682aea7a6f87ed67f4f40b8226b43851a380198fb,Male,Idaho
